index,Accuracy,Recall,Precision,F1,ROC AUC,test ROC AUC
SMOTEENN + RandomForestClassifier,0.9929614378928141,0.9874347440073038,0.999118853098502,0.99308085514601,0.9975167888559024,0.963
BorderlineSMOTE + RandomForestClassifier,0.9921047240451639,0.9848737596918926,0.9993292525402202,0.9918203974957303,0.9957127002161004,0.957
SMOTEENN + LogisticRegression,0.7453115044823012,0.8657313650783676,0.7117878057223911,0.7809023720390994,0.7811995823935478,0.957
BorderlineSMOTE + LogisticRegression,0.7620207536073446,0.8535574861184946,0.7223639737947389,0.7822664170446876,0.8157290224206111,0.957
SMOTEENN + KNN,0.9658863608539552,0.9957990984750493,0.9424626739411845,0.9683625605686688,0.9924403084962556,0.993
BorderlineSMOTE + KNN,0.9720223537438955,0.9930258623313041,0.9530106413635723,0.972601429024383,0.9921190789797348,0.968
SMOTEENN + XGBClassifier,0.9930850390343338,0.9875217445311236,0.9992675447343273,0.9931991990868777,0.997948747908579,0.894
BorderlineSMOTE + XGBClassifier,0.9916557318731977,0.9851653171219088,0.9981537367972514,0.9913737562310919,0.9969255958790845,0.876